package,test,final_result,passing_log
github.com/asherzj/relational-config-center/admin/cmd/admin,TestAccountUpgradeFromLegacyMatchesFreshSchema,pass,legacy-recheck
github.com/asherzj/relational-config-center/admin/cmd/admin,TestCombinedQueryAC016RealFieldsCapacityAndAtomicConfiguration,pass,integration
github.com/asherzj/relational-config-center/admin/cmd/admin,TestCurrentGooseInstallationMatchesFrozenAdoptionStructure,pass,integration
github.com/asherzj/relational-config-center/admin/cmd/admin,TestFieldPolicyAC001RoundTrip,pass,integration
github.com/asherzj/relational-config-center/admin/cmd/admin,TestFieldPolicyAC002InvalidConfigurationIsAtomic,pass,integration
github.com/asherzj/relational-config-center/admin/cmd/admin,TestFieldPolicyAC009AC018KeepDatabaseDefaultsAndExecutionBoundary,pass,integration
github.com/asherzj/relational-config-center/admin/cmd/admin,TestFieldPolicyAC020MigrationPreservesExistingData,pass,integration
github.com/asherzj/relational-config-center/admin/cmd/admin,TestFieldPolicyDatabaseFailureRollsBackWholeReplacement,pass,integration
github.com/asherzj/relational-config-center/admin/cmd/admin,TestFieldPolicyDefaultsNumericOptionsAndAudit,pass,integration
github.com/asherzj/relational-config-center/admin/cmd/admin,TestFieldPolicyReadDistinguishesDisabledSchemaDriftAndFailure,pass,integration
github.com/asherzj/relational-config-center/admin/cmd/admin,TestReleaseResetInterruptedTransactionRollsBackAndRetries,pass,integration
github.com/asherzj/relational-config-center/admin/cmd/admin,TestReleaseResetPreservesRecordsAndContinuesPublication,pass,integration
github.com/asherzj/relational-config-center/admin/cmd/admin,TestReleaseResetRefusesUnverifiedTargetsAndSchema,pass,integration
github.com/asherzj/relational-config-center/admin/cmd/admin,TestReleaseResetRefusesUnverifiedTargetsAndSchema/hidden_inbound_foreign_key,pass,integration
github.com/asherzj/relational-config-center/admin/cmd/admin,TestReleaseResetRefusesUnverifiedTargetsAndSchema/missing_table,pass,integration
github.com/asherzj/relational-config-center/admin/cmd/admin,TestReleaseResetRefusesUnverifiedTargetsAndSchema/no_metadata_privilege,pass,integration
github.com/asherzj/relational-config-center/admin/cmd/admin,TestReleaseResetRefusesUnverifiedTargetsAndSchema/no_target,pass,integration
github.com/asherzj/relational-config-center/admin/cmd/admin,TestReleaseResetRefusesUnverifiedTargetsAndSchema/nontransactional_table,pass,integration
github.com/asherzj/relational-config-center/admin/cmd/admin,TestReleaseResetRefusesUnverifiedTargetsAndSchema/production,pass,integration
github.com/asherzj/relational-config-center/admin/cmd/admin,TestReleaseResetRefusesUnverifiedTargetsAndSchema/side_effect_trigger,pass,integration
github.com/asherzj/relational-config-center/admin/cmd/admin,TestReleaseResetRefusesUnverifiedTargetsAndSchema/unexpected_column,pass,integration
github.com/asherzj/relational-config-center/admin/cmd/admin,TestReleaseResetRefusesUnverifiedTargetsAndSchema/writers_not_stopped,pass,integration
github.com/asherzj/relational-config-center/admin/cmd/admin,TestReleaseResetRefusesUnverifiedTargetsAndSchema/wrong_address,pass,integration
github.com/asherzj/relational-config-center/admin/cmd/admin,TestReleaseResetRefusesUnverifiedTargetsAndSchema/wrong_database,pass,integration
github.com/asherzj/relational-config-center/admin/cmd/admin,TestReleaseResetRefusesUnverifiedTargetsAndSchema/wrong_instance,pass,integration
github.com/asherzj/relational-config-center/admin/cmd/admin,TestSchemaBaselineAdoptsCurrentDatabaseWithoutReplayingHistory,pass,corrections-verified
github.com/asherzj/relational-config-center/admin/cmd/admin,TestSchemaBaselineConcurrentAdoptionUsesOneVersionPrefix,pass,corrections-verified
github.com/asherzj/relational-config-center/admin/cmd/admin,TestSchemaBaselineProcessInterruptionRetainsUnconfirmedState,pass,corrections-verified
github.com/asherzj/relational-config-center/admin/cmd/admin,TestSchemaBaselineRecoversBeforeAttemptWasRecorded,pass,corrections-verified
github.com/asherzj/relational-config-center/admin/cmd/admin,TestSchemaBaselineRecoversUnconfirmedRegistration,pass,corrections-verified
github.com/asherzj/relational-config-center/admin/cmd/admin,TestSchemaBaselineRefusesToRecreateLostConfirmedHistory,pass,corrections-verified
github.com/asherzj/relational-config-center/admin/cmd/admin,TestSchemaBaselineRejectsIncompatibleControlStructureWithoutWrites,pass,corrections-verified
github.com/asherzj/relational-config-center/admin/cmd/admin,TestSchemaBaselineRejectsIncompatibleControlStructureWithoutWrites/check,pass,corrections-verified
github.com/asherzj/relational-config-center/admin/cmd/admin,TestSchemaBaselineRejectsIncompatibleControlStructureWithoutWrites/default,pass,corrections-verified
github.com/asherzj/relational-config-center/admin/cmd/admin,TestSchemaBaselineRejectsIncompatibleControlStructureWithoutWrites/default_containing_table_option_text,pass,corrections-verified
github.com/asherzj/relational-config-center/admin/cmd/admin,TestSchemaBaselineRejectsIncompatibleControlStructureWithoutWrites/empty_roles,pass,corrections-verified
github.com/asherzj/relational-config-center/admin/cmd/admin,TestSchemaBaselineRejectsIncompatibleControlStructureWithoutWrites/engine,pass,corrections-verified
github.com/asherzj/relational-config-center/admin/cmd/admin,TestSchemaBaselineRejectsIncompatibleControlStructureWithoutWrites/extra_column,pass,corrections-verified
github.com/asherzj/relational-config-center/admin/cmd/admin,TestSchemaBaselineRejectsIncompatibleControlStructureWithoutWrites/foreign_key,pass,corrections-verified
github.com/asherzj/relational-config-center/admin/cmd/admin,TestSchemaBaselineRejectsIncompatibleControlStructureWithoutWrites/index,pass,corrections-verified
github.com/asherzj/relational-config-center/admin/cmd/admin,TestSchemaBaselineRejectsIncompatibleControlStructureWithoutWrites/missing_column,pass,corrections-verified
github.com/asherzj/relational-config-center/admin/cmd/admin,TestSchemaBaselineRejectsIncompatibleControlStructureWithoutWrites/missing_table,pass,corrections-verified
github.com/asherzj/relational-config-center/admin/cmd/admin,TestSchemaBaselineRejectsIncompatibleControlStructureWithoutWrites/required_metadata,pass,corrections-verified
github.com/asherzj/relational-config-center/admin/cmd/admin,TestSchemaBaselineRejectsIncompatibleControlStructureWithoutWrites/type,pass,corrections-verified
github.com/asherzj/relational-config-center/admin/cmd/admin,TestSchemaBaselineRejectsIncompatibleControlStructureWithoutWrites/unknown_role,pass,corrections-verified
github.com/asherzj/relational-config-center/admin/cmd/admin,TestSchemaBaselineRejectsIncompatibleControlStructureWithoutWrites/zero_role_version,pass,corrections-verified
github.com/asherzj/relational-config-center/admin/cmd/admin,TestSchemaBaselineReleaseUpgradesT1AndRecoversPartialAuditRename,pass,corrections-verified
github.com/asherzj/relational-config-center/admin/cmd/admin,TestSchemaBaselineUsesTransactionalVersionLedger,pass,corrections-verified
github.com/asherzj/relational-config-center/admin/cmd/admin,TestSchemaMigrationAddsFieldPoliciesWithoutChangingPublishedState,pass,corrections-verified
github.com/asherzj/relational-config-center/admin/cmd/admin,TestSchemaMigrationCommittedVersionNeedsConfirmedRecovery,pass,integration
github.com/asherzj/relational-config-center/admin/cmd/admin,TestSchemaMigrationConcurrentInitialization,pass,integration
github.com/asherzj/relational-config-center/admin/cmd/admin,TestSchemaMigrationConnectionDeadlineAndSafeDiagnostics,pass,integration
github.com/asherzj/relational-config-center/admin/cmd/admin,TestSchemaMigrationInitializesEmptyDatabase,pass,integration
github.com/asherzj/relational-config-center/admin/cmd/admin,TestSchemaMigrationLeavesUnmanagedDatabaseUntouched,pass,integration
github.com/asherzj/relational-config-center/admin/cmd/admin,TestSchemaMigrationPartialDDLRequiresExplicitRecovery,pass,integration
github.com/asherzj/relational-config-center/admin/cmd/admin,TestSchemaMigrationProcessInterruptionRequiresSameReleaseRecovery,pass,integration
github.com/asherzj/relational-config-center/admin/cmd/admin,TestSchemaMigrationRecoversInterruptedBootstrap,pass,integration
github.com/asherzj/relational-config-center/admin/cmd/admin,TestSchemaMigrationRecoversMissingZeroVersion,pass,integration
github.com/asherzj/relational-config-center/admin/cmd/admin,TestSchemaMigrationRejectsIncompleteVersionHistory,pass,integration
github.com/asherzj/relational-config-center/admin/cmd/admin,TestSchemaMigrationUpgradesToNextRelease,pass,integration
github.com/asherzj/relational-config-center/admin/cmd/admin,TestSchemaMigrationWaitsForMaintenanceLockWithDeadline,pass,integration
github.com/asherzj/relational-config-center/admin/cmd/admin,TestSchemaReadinessContinuouslyChecksStateAndCompleteStructureReadOnly,pass,integration
github.com/asherzj/relational-config-center/admin/cmd/admin,TestSchemaReadinessContinuouslyChecksStateAndCompleteStructureReadOnly/ahead,pass,integration
github.com/asherzj/relational-config-center/admin/cmd/admin,TestSchemaReadinessContinuouslyChecksStateAndCompleteStructureReadOnly/empty_roles,pass,integration
github.com/asherzj/relational-config-center/admin/cmd/admin,TestSchemaReadinessContinuouslyChecksStateAndCompleteStructureReadOnly/field_policy_check,pass,integration
github.com/asherzj/relational-config-center/admin/cmd/admin,TestSchemaReadinessContinuouslyChecksStateAndCompleteStructureReadOnly/field_policy_unique_key,pass,integration
github.com/asherzj/relational-config-center/admin/cmd/admin,TestSchemaReadinessContinuouslyChecksStateAndCompleteStructureReadOnly/journal_column,pass,integration
github.com/asherzj/relational-config-center/admin/cmd/admin,TestSchemaReadinessContinuouslyChecksStateAndCompleteStructureReadOnly/journal_engine,pass,integration
github.com/asherzj/relational-config-center/admin/cmd/admin,TestSchemaReadinessContinuouslyChecksStateAndCompleteStructureReadOnly/missing_column,pass,integration
github.com/asherzj/relational-config-center/admin/cmd/admin,TestSchemaReadinessContinuouslyChecksStateAndCompleteStructureReadOnly/missing_field_policy,pass,integration
github.com/asherzj/relational-config-center/admin/cmd/admin,TestSchemaReadinessContinuouslyChecksStateAndCompleteStructureReadOnly/missing_index,pass,integration
github.com/asherzj/relational-config-center/admin/cmd/admin,TestSchemaReadinessContinuouslyChecksStateAndCompleteStructureReadOnly/missing_required_metadata,pass,integration
github.com/asherzj/relational-config-center/admin/cmd/admin,TestSchemaReadinessContinuouslyChecksStateAndCompleteStructureReadOnly/older_unconfirmed_attempt,pass,integration
github.com/asherzj/relational-config-center/admin/cmd/admin,TestSchemaReadinessContinuouslyChecksStateAndCompleteStructureReadOnly/release_digest,pass,integration
github.com/asherzj/relational-config-center/admin/cmd/admin,TestSchemaReadinessContinuouslyChecksStateAndCompleteStructureReadOnly/unenforced_check,pass,integration
github.com/asherzj/relational-config-center/admin/cmd/admin,TestSchemaReadinessContinuouslyChecksStateAndCompleteStructureReadOnly/unknown,pass,integration
github.com/asherzj/relational-config-center/admin/cmd/admin,TestSchemaReadinessContinuouslyChecksStateAndCompleteStructureReadOnly/unknown_role,pass,integration
github.com/asherzj/relational-config-center/admin/cmd/admin,TestSchemaReadinessContinuouslyChecksStateAndCompleteStructureReadOnly/unmanaged,pass,integration
github.com/asherzj/relational-config-center/admin/cmd/admin,TestSchemaReadinessContinuouslyChecksStateAndCompleteStructureReadOnly/wrong_default,pass,integration
github.com/asherzj/relational-config-center/admin/cmd/admin,TestSchemaReadinessContinuouslyChecksStateAndCompleteStructureReadOnly/wrong_engine,pass,integration
github.com/asherzj/relational-config-center/admin/cmd/admin,TestSchemaReadinessContinuouslyChecksStateAndCompleteStructureReadOnly/zero_role_version,pass,integration
github.com/asherzj/relational-config-center/admin/cmd/admin,TestSchemaReadinessRejectsKnownOldRelease,pass,integration
github.com/asherzj/relational-config-center/admin/cmd/admin,TestSchemaReadinessRejectsUnmanagedStartup,pass,integration
